{
    "type": "FeatureCollection",
    "name": "criticality",
    "features": [
      {
        "type": "Feature",
        "properties": {
          "segment_id": 9001,
          "tier": "H",
          "score": 0.92
        },
        "geometry": {
          "type": "LineString",
          "coordinates": [
            [103.8601, 1.3002],
            [103.8720, 1.3049],
            [103.8840, 1.3098]
          ]
        }
      },
      {
        "type": "Feature",
        "properties": {
          "segment_id": 9002,
          "tier": "M",
          "score": 0.63
        },
        "geometry": {
          "type": "LineString",
          "coordinates": [
            [103.8050, 1.3180],
            [103.8152, 1.3235],
            [103.8235, 1.3278]
          ]
        }
      },
      {
        "type": "Feature",
        "properties": {
          "segment_id": 9003,
          "tier": "L",
          "score": 0.41
        },
        "geometry": {
          "type": "LineString",
          "coordinates": [
            [103.8255, 1.3430],
            [103.8333, 1.3459],
            [103.8402, 1.3480]
          ]
        }
      }
    ]
  }
  