{
    "type": "FeatureCollection",
    "name": "delay_segments",
    "features": [
      {
        "type": "Feature",
        "properties": {
          "segment_id": 101,
          "baseline_min": 12.5,
          "flooded_min": 18.3,
          "delay_min": 5.8
        },
        "geometry": {
          "type": "LineString",
          "coordinates": [
            [103.8005, 1.3042],
            [103.8159, 1.3133],
            [103.8262, 1.3181]
          ]
        }
      },
      {
        "type": "Feature",
        "properties": {
          "segment_id": 102,
          "baseline_min": 7.2,
          "flooded_min": 9.0,
          "delay_min": 1.8
        },
        "geometry": {
          "type": "LineString",
          "coordinates": [
            [103.8352, 1.3451],
            [103.8467, 1.3510],
            [103.8559, 1.3550]
          ]
        }
      },
      {
        "type": "Feature",
        "properties": {
          "segment_id": 103,
          "baseline_min": 15.0,
          "flooded_min": 30.2,
          "delay_min": 15.2
        },
        "geometry": {
          "type": "LineString",
          "coordinates": [
            [103.8712, 1.3110],
            [103.8824, 1.3055],
            [103.8937, 1.3001]
          ]
        }
      },
      {
        "type": "Feature",
        "properties": {
          "segment_id": 104,
          "baseline_min": 4.1,
          "flooded_min": 4.1,
          "delay_min": 0.0
        },
        "geometry": {
          "type": "LineString",
          "coordinates": [
            [103.8070, 1.3370],
            [103.8150, 1.3385]
          ]
        }
      }
    ]
  }
  