{
    "type": "FeatureCollection",
    "name": "flooded_roads",
    "features": [
      {
        "type": "Feature",
        "properties": {
          "name": "River Valley Rd",
          "depth_m": 0.25
        },
        "geometry": {
          "type": "LineString",
          "coordinates": [
            [103.8389, 1.2931],
            [103.8445, 1.2960],
            [103.8499, 1.2984]
          ]
        }
      },
      {
        "type": "Feature",
        "properties": {
          "name": "Lor 6 Toa Payoh",
          "depth_m": 0.15
        },
        "geometry": {
          "type": "LineString",
          "coordinates": [
            [103.8488, 1.3348],
            [103.8555, 1.3366],
            [103.8629, 1.3381]
          ]
        }
      }
    ]
  }
  